GameID,DayID,dateStartTime,HomeTeamID,AwayTeamID,isFlip,Field,HomeScore,AwayScore,isRainOut,isActive
1,3,2010-04-28 12:00:00,27,30,0,1,8,2,0,1
2,3,2010-04-28 13:30:00,30,27,0,1,7,9,0,1
3,1,2010-04-28 09:00:00,21,19,0,13,10,10,0,1
4,1,2010-04-28 10:30:00,19,21,0,13,13,15,0,1
5,1,2010-04-28 12:00:00,25,23,0,13,6,16,0,1
6,1,2010-04-28 13:30:00,23,25,0,13,19,9,0,1
7,1,2010-04-28 15:00:00,22,16,0,13,1,17,0,1
8,1,2010-04-28 16:30:00,16,22,0,13,4,7,0,1
9,1,2010-04-28 09:00:00,18,10,0,33,10,16,0,1
10,1,2010-04-28 10:30:00,10,18,0,33,17,4,0,1
11,1,2010-04-28 12:00:00,17,12,0,33,17,9,0,1
12,1,2010-04-28 13:30:00,12,17,0,33,14,18,0,1
13,1,2010-04-28 15:00:00,36,39,0,33,6,7,0,1
14,1,2010-04-28 16:30:00,39,36,0,33,13,6,0,1
15,1,2010-04-28 09:00:00,13,11,1,34,17,6,0,1
16,1,2010-04-28 10:30:00,14,13,1,34,12,15,0,1
17,1,2010-04-28 12:00:00,11,14,1,34,10,14,0,1
18,1,2010-04-28 13:30:00,35,37,0,34,10,15,0,1
19,1,2010-04-28 15:00:00,33,35,0,34,3,8,0,1
20,1,2010-04-28 16:30:00,37,33,0,34,13,5,0,1
21,1,2010-04-28 15:00:00,24,20,0,14,6,15,0,1
22,1,2010-04-28 16:30:00,20,24,0,14,17,5,0,1
23,1,2010-04-28 10:30:00,2,1,1,25,7,8,0,1
24,1,2010-04-28 12:00:00,3,2,1,25,3,5,0,1
25,1,2010-04-28 13:30:00,1,3,1,25,13,2,0,1
26,2,2010-04-28 16:00:00,28,26,0,8,4,7,0,1
27,2,2010-04-28 17:30:00,26,28,0,8,11,11,0,1
28,4,2010-04-28 12:00:00,6,41,0,7,15,20,0,1
29,4,2010-04-28 13:30:00,41,6,0,7,7,20,0,1
30,4,2010-04-28 15:00:00,5,7,0,7,11,9,0,1
31,4,2010-04-28 16:30:00,7,5,0,7,5,15,0,1
32,4,2010-04-28 12:00:00,4,8,0,9,5,19,0,1
33,4,2010-04-28 13:30:00,9,4,0,9,10,10,0,1
34,4,2010-04-28 15:00:00,8,9,0,9,16,15,0,1
35,7,2010-04-28 16:00:00,31,29,0,8,,,1,1
36,7,2010-04-28 17:30:00,29,31,0,8,,,1,1
37,5,2010-04-28 12:00:00,34,38,0,8,,,1,1
38,5,2010-04-28 13:30:00,38,34,0,8,,,1,1
39,5,2010-04-28 15:00:00,40,32,0,8,,,1,1
40,5,2010-04-28 16:30:00,32,40,0,8,,,1,1
41,10,2010-04-22 12:00:00,4,6,0,1,4,12,0,1
42,10,2010-04-22 13:30:00,6,4,0,1,13,4,0,1
43,8,2010-04-22 09:00:00,33,36,0,13,16,12,0,1
44,8,2010-04-22 10:30:00,36,33,0,13,13,6,0,1
45,8,2010-04-22 12:00:00,31,28,0,13,1,3,0,1
46,8,2010-04-22 13:30:00,28,31,0,13,9,9,0,1
47,8,2010-04-22 15:00:00,26,30,0,13,6,18,0,1
48,8,2010-04-22 16:30:00,30,26,0,13,14,10,0,1
49,8,2010-04-22 09:00:00,37,34,0,33,6,18,0,1
50,8,2010-04-22 10:30:00,34,37,0,33,21,2,0,1
51,8,2010-04-22 12:00:00,21,20,0,33,0,20,0,1
52,8,2010-04-22 13:30:00,20,21,0,33,9,3,0,1
53,8,2010-04-22 15:00:00,23,22,0,33,25,3,0,1
54,8,2010-04-22 16:30:00,22,23,0,33,12,14,0,1
55,8,2010-04-22 09:00:00,35,40,0,34,23,1,0,1
56,8,2010-04-22 10:30:00,40,35,0,34,3,7,0,1
57,8,2010-04-22 12:00:00,19,24,0,34,13,17,0,1
58,8,2010-04-22 13:30:00,24,19,0,34,12,0,0,1
59,8,2010-04-22 15:00:00,16,25,0,34,19,3,0,1
60,8,2010-04-22 16:30:00,25,16,0,34,8,12,0,1
61,8,2010-04-22 15:00:00,29,27,0,14,0,13,0,1
62,8,2010-04-22 16:30:00,27,29,0,14,16,5,0,1
63,8,2010-04-22 10:30:00,32,38,0,25,21,1,0,1
64,8,2010-04-22 12:00:00,39,32,0,25,7,6,0,1
65,8,2010-04-22 13:30:00,38,39,0,25,6,18,0,1
66,13,2010-04-22 16:00:00,18,10,1,8,12,8,0,1
67,13,2010-04-22 17:30:00,13,18,1,8,12,11,0,1
68,13,2010-04-22 19:00:00,10,13,1,8,4,11,0,1
69,11,2010-04-22 10:30:00,8,7,0,8,4,25,0,1
70,11,2010-04-22 12:00:00,41,8,0,8,5,11,0,1
71,11,2010-04-22 13:30:00,7,41,0,8,19,6,0,1
72,11,2010-04-22 15:00:00,5,9,0,8,14,10,0,1
73,11,2010-04-22 16:30:00,9,5,0,8,11,13,0,1
74,12,2010-04-22 12:00:00,1,3,0,1,9,13,0,1
75,12,2010-04-22 13:30:00,3,1,0,1,9,8,0,1
76,12,2010-04-22 12:00:00,17,14,0,3,0,7,0,1
77,12,2010-04-22 13:30:00,14,17,0,3,7,0,0,1
78,12,2010-04-22 15:00:00,12,11,0,3,10,9,0,1
79,12,2010-04-22 16:30:00,11,12,0,3,12,11,0,1
80,16,2010-04-22 12:00:00,16,23,0,1,28,11,0,1
81,16,2010-04-22 13:30:00,23,16,0,1,5,16,0,1
82,14,2010-04-22 09:00:00,35,32,0,13,5,9,0,1
83,14,2010-04-22 10:30:00,32,35,0,13,15,14,0,1
84,14,2010-04-22 12:00:00,33,39,0,13,0,4,0,1
85,14,2010-04-22 13:30:00,39,33,0,13,13,0,0,1
86,14,2010-04-22 15:00:00,38,37,0,13,10,10,0,1
87,14,2010-04-22 16:30:00,37,38,0,13,9,10,0,1
88,14,2010-04-22 10:30:00,40,34,0,33,0,20,0,1
89,14,2010-04-22 12:00:00,36,40,0,33,28,1,0,1
90,14,2010-04-22 13:30:00,34,36,0,33,10,9,0,1
91,14,2010-04-22 15:00:00,6,9,0,33,6,3,0,1
92,14,2010-04-22 16:30:00,9,6,0,33,20,4,0,1
93,14,2010-04-22 12:00:00,26,29,0,34,10,20,0,1
94,14,2010-04-22 13:30:00,29,26,0,34,11,10,0,1
95,14,2010-04-22 15:00:00,41,3,0,34,3,13,0,1
96,14,2010-04-22 16:30:00,3,41,0,34,5,19,0,1
97,14,2010-04-22 15:00:00,7,2,0,14,21,15,0,1
98,14,2010-04-22 16:30:00,2,7,0,14,14,10,0,1
99,14,2010-04-22 09:00:00,28,30,0,25,1,20,0,1
100,14,2010-04-22 10:30:00,30,28,0,25,16,10,0,1
101,14,2010-04-22 12:00:00,31,27,0,25,2,19,0,1
102,14,2010-04-22 13:30:00,27,31,0,25,13,6,0,1
103,15,2010-04-22 16:00:00,20,19,0,8,9,4,0,1
104,15,2010-04-22 17:30:00,19,20,0,8,6,22,0,1
105,19,2010-04-22 16:00:00,24,21,0,8,19,16,0,1
106,19,2010-04-22 17:30:00,21,24,0,8,8,12,0,1
107,17,2010-04-22 09:00:00,17,13,1,8,7,15,0,1
108,17,2010-04-22 10:30:00,12,17,1,8,14,8,0,1
109,17,2010-04-22 12:00:00,13,12,1,8,21,4,0,1
110,17,2010-04-22 13:30:00,22,25,0,8,3,14,0,1
111,17,2010-04-22 15:00:00,25,22,0,8,10,16,0,1
112,18,2010-04-22 12:00:00,4,5,0,1,0,7,0,1
113,18,2010-04-22 13:30:00,5,4,0,1,7,0,0,1
114,14,2010-05-10 09:00:00,11,18,0,34,18,8,0,1
115,14,2010-05-10 10:30:00,18,11,0,34,17,4,0,1
116,18,2010-04-22 12:00:00,1,8,0,3,16,14,0,1
117,18,2010-04-22 13:30:00,8,1,0,3,20,12,0,1
118,18,2010-04-22 15:00:00,14,10,0,3,11,7,0,1
119,18,2010-04-22 16:30:00,10,14,0,3,5,8,0,1
120,22,2010-04-22 12:00:00,25,20,0,1,0,7,0,1
121,22,2010-04-22 13:30:00,20,25,0,1,7,0,0,1
122,20,2010-04-22 10:30:00,24,22,0,13,9,3,0,1
123,20,2010-04-22 12:00:00,22,24,0,13,12,18,0,1
124,20,2010-04-22 13:30:00,35,33,0,13,12,19,0,1
125,20,2010-04-22 15:00:00,33,37,0,13,14,13,0,1
126,20,2010-04-22 16:30:00,37,35,0,13,10,8,0,1
127,20,2010-04-22 09:00:00,3,4,0,33,17,3,0,1
128,20,2010-04-22 10:30:00,4,3,0,33,6,27,0,1
129,20,2010-04-22 12:00:00,2,6,0,33,18,7,0,1
130,20,2010-04-22 13:30:00,6,2,0,33,5,13,0,1
131,20,2010-04-22 15:00:00,9,1,0,33,3,22,0,1
132,20,2010-04-22 16:30:00,1,9,0,33,12,0,0,1
133,20,2010-04-22 09:00:00,41,7,0,34,21,10,0,1
134,20,2010-04-22 10:30:00,7,41,1,34,23,3,0,1
135,20,2010-04-22 12:00:00,5,8,0,34,7,0,0,1
136,20,2010-04-22 13:30:00,8,5,0,34,0,7,0,1
137,20,2010-04-22 15:00:00,19,23,0,34,12,18,0,1
138,20,2010-04-22 16:30:00,23,19,0,34,17,6,0,1
139,20,2010-04-22 15:00:00,21,16,0,14,5,21,0,1
140,20,2010-04-22 16:30:00,16,21,0,14,24,5,0,1
141,20,2010-04-22 09:00:00,36,38,0,25,17,3,0,1
142,20,2010-04-22 10:30:00,38,36,0,25,4,16,0,1
143,20,2010-04-22 12:00:00,32,34,0,25,1,13,0,1
144,20,2010-04-22 13:30:00,34,32,0,25,2,3,0,1
145,21,2010-04-22 17:00:00,18,12,0,7,22,1,0,1
146,21,2010-04-22 18:30:00,12,18,0,7,23,29,0,1
147,21,2010-04-22 16:00:00,39,40,0,8,13,3,0,1
148,21,2010-04-22 17:30:00,40,39,0,8,4,13,0,1
149,25,2010-04-22 16:00:00,31,26,0,8,7,13,0,1
150,25,2010-04-22 17:30:00,26,31,0,8,11,11,0,1
151,23,2010-04-22 10:30:00,29,30,0,8,3,14,0,1
152,23,2010-04-22 12:00:00,30,29,0,8,7,3,0,1
153,23,2010-04-22 13:30:00,28,27,0,8,0,14,0,1
154,23,2010-04-22 15:00:00,27,28,0,8,14,4,0,1
155,26,2010-04-22 10:30:00,31,30,0,13,4,21,0,1
156,26,2010-04-22 12:00:00,30,31,0,13,20,9,0,1
157,26,2010-04-22 13:30:00,14,18,1,13,13,7,0,1
158,26,2010-04-22 15:00:00,17,14,1,13,6,9,0,1
159,26,2010-04-22 16:30:00,18,17,1,13,9,9,0,1
160,26,2010-04-22 09:00:00,8,2,0,33,10,18,0,1
161,26,2010-04-22 10:30:00,2,8,0,33,9,5,0,1
162,26,2010-04-22 12:00:00,41,1,0,33,8,12,0,1
163,26,2010-04-22 13:30:00,1,41,0,33,11,10,0,1
164,26,2010-04-22 15:00:00,5,3,0,33,10,11,0,1
165,26,2010-04-22 16:30:00,3,5,0,33,15,14,0,1
166,26,2010-04-22 09:00:00,4,9,0,34,7,35,0,1
167,26,2010-04-22 10:30:00,9,4,1,34,6,18,0,1
168,26,2010-04-22 12:00:00,6,7,0,34,10,8,0,1
169,26,2010-04-22 13:30:00,7,6,0,34,16,6,0,1
170,26,2010-04-22 15:00:00,26,27,0,34,4,23,0,1
171,26,2010-04-22 16:30:00,27,26,0,34,10,3,0,1
172,26,2010-04-22 15:00:00,28,29,0,14,7,1,0,1
173,26,2010-04-22 16:30:00,29,28,0,14,7,8,0,1
174,26,2010-04-22 09:00:00,11,13,0,25,10,11,0,1
175,26,2010-04-22 10:30:00,13,11,0,25,17,10,0,1
176,26,2010-04-22 12:00:00,10,12,0,25,23,5,0,1
177,26,2010-04-22 13:30:00,12,10,0,25,5,10,0,1
178,31,2010-04-22 16:00:00,36,37,0,8,9,8,0,1
179,31,2010-04-22 17:30:00,32,36,0,8,12,9,0,1
180,31,2010-04-22 19:00:00,37,32,0,8,,,1,1
181,29,2010-04-22 09:00:00,40,33,0,8,1,13,0,1
182,29,2010-04-22 10:30:00,38,40,0,8,5,13,0,1
183,29,2010-04-22 12:00:00,38,33,0,8,9,12,0,1
184,29,2010-04-22 13:30:00,35,34,0,8,2,3,0,1
185,29,2010-04-22 15:00:00,34,39,0,8,8,7,0,1
186,29,2010-04-22 16:30:00,39,35,0,8,8,5,0,1
187,30,2010-04-22 12:00:00,22,21,0,1,16,15,0,1
188,30,2010-04-22 13:30:00,21,22,0,1,14,11,0,1
189,30,2010-04-22 15:00:00,16,24,0,1,6,9,0,1
190,30,2010-04-22 16:30:00,24,16,0,1,7,13,0,1
191,30,2010-04-22 12:00:00,23,20,0,3,17,16,0,1
192,30,2010-04-22 13:30:00,20,23,0,3,16,6,0,1
193,30,2010-04-22 15:00:00,25,19,0,3,0,7,0,1
194,30,2010-04-22 16:30:00,19,25,0,3,12,21,0,1
195,34,2010-04-22 12:00:00,5,41,0,1,1,9,0,1
196,34,2010-04-22 13:30:00,41,5,0,1,8,4,0,1
197,32,2010-04-22 12:00:00,25,20,0,13,6,12,0,1
198,32,2010-04-22 13:30:00,20,24,0,13,1,7,0,1
199,32,2010-04-22 15:00:00,24,25,0,13,12,11,0,1
200,32,2010-04-22 09:00:00,10,17,0,33,12,13,0,1
201,32,2010-04-22 10:30:00,17,10,0,33,19,9,0,1
202,32,2010-04-22 12:00:00,13,14,0,33,1,4,0,1
203,32,2010-04-22 13:30:00,14,13,0,33,11,3,0,1
204,32,2010-04-22 15:00:00,27,30,0,33,12,2,0,1
205,32,2010-04-22 16:30:00,30,27,0,33,3,11,0,1
206,32,2010-04-22 10:30:00,11,12,1,34,9,15,0,1
207,32,2010-04-22 12:00:00,18,11,1,34,29,2,0,1
208,32,2010-04-22 13:30:00,12,18,1,34,2,12,0,1
209,32,2010-04-22 15:00:00,31,29,0,34,10,7,0,1
210,32,2010-04-22 16:30:00,29,31,0,34,3,10,0,1
211,32,2010-04-22 15:00:00,28,26,0,14,3,16,0,1
212,32,2010-04-22 16:30:00,26,28,0,14,10,3,0,1
213,32,2010-04-22 09:00:00,21,23,0,25,12,18,0,1
214,32,2010-04-22 10:30:00,16,21,0,25,20,5,0,1
215,32,2010-04-22 12:00:00,23,16,0,25,13,6,0,1
216,32,2010-04-22 13:30:00,22,19,1,25,0,7,0,1
217,33,2010-04-22 17:00:00,2,9,0,7,7,0,0,1
218,33,2010-04-22 18:30:00,9,2,0,7,0,7,0,1
219,33,2010-04-22 16:00:00,7,3,0,8,7,13,0,1
220,33,2010-04-22 17:30:00,3,7,0,8,19,9,0,1
221,35,2010-04-22 12:00:00,4,1,0,8,7,10,0,1
222,35,2010-04-22 13:30:00,1,4,0,8,3,4,0,1
223,35,2010-04-22 15:00:00,6,8,0,8,10,16,0,1
224,35,2010-04-22 16:30:00,8,6,0,8,4,6,0,1
225,36,2010-04-22 12:00:00,32,39,0,1,5,2,0,1
226,36,2010-04-22 13:30:00,39,38,0,1,9,1,0,1
227,36,2010-04-22 15:00:00,38,32,0,1,0,13,0,1
228,36,2010-04-22 16:30:00,37,40,0,1,11,4,0,1
229,36,2010-04-22 18:00:00,40,37,0,1,5,9,0,1
230,36,2010-04-22 12:00:00,33,34,0,3,0,18,0,1
231,36,2010-04-22 13:30:00,34,33,0,3,0,3,0,1
232,36,2010-04-22 15:00:00,35,36,0,3,12,6,0,1
233,36,2010-04-22 16:30:00,36,35,0,3,4,17,0,1
234,40,2010-04-22 12:00:00,4,7,0,1,5,22,0,1
235,40,2010-04-22 13:30:00,7,4,0,1,25,7,0,1
236,38,2010-04-22 10:30:00,26,30,0,13,1,15,0,1
237,38,2010-04-22 12:00:00,30,26,0,13,9,10,0,1
238,38,2010-04-22 13:30:00,8,9,0,13,12,16,0,1
239,38,2010-04-22 15:00:00,9,8,1,13,14,13,0,1
240,38,2010-04-22 09:00:00,6,3,0,33,11,7,0,1
241,38,2010-04-22 10:30:00,3,6,0,33,6,8,0,1
242,38,2010-04-22 12:00:00,41,2,0,33,7,6,0,1
243,38,2010-04-22 13:30:00,2,41,0,33,4,14,0,1
244,38,2010-04-22 15:00:00,5,1,0,33,16,8,0,1
245,38,2010-04-22 16:30:00,1,5,0,33,12,13,0,1
246,38,2010-04-22 09:00:00,25,16,0,34,12,9,0,1
247,38,2010-04-22 10:30:00,19,25,0,34,7,5,0,1
248,38,2010-04-22 12:00:00,16,19,0,34,11,7,0,1
249,38,2010-04-22 13:30:00,24,22,0,34,13,8,0,1
250,38,2010-04-22 15:00:00,21,24,1,34,14,18,0,1
251,38,2010-04-22 16:30:00,22,20,0,34,3,25,0,1
252,38,2010-04-22 15:00:00,20,23,0,14,2,16,0,1
253,38,2010-04-22 09:00:00,29,27,0,25,8,11,0,1
254,38,2010-04-22 10:30:00,27,29,0,25,16,12,0,1
255,38,2010-04-22 12:00:00,28,31,0,25,2,1,0,1
256,38,2010-04-22 13:30:00,31,28,0,25,4,9,0,1
257,43,2010-04-22 16:00:00,40,36,0,8,5,15,0,1
258,43,2010-04-22 17:30:00,36,34,0,8,5,5,0,1
259,43,2010-04-22 19:00:00,34,40,0,8,14,5,0,1
260,41,2010-04-22 09:00:00,35,38,0,8,7,9,0,1
261,41,2010-04-22 10:30:00,38,35,0,8,2,3,0,1
262,41,2010-04-22 12:00:00,33,32,0,8,3,19,0,1
263,41,2010-04-22 13:30:00,32,33,0,8,15,2,0,1
264,41,2010-04-22 15:00:00,37,39,0,8,7,14,0,1
265,41,2010-04-22 16:30:00,39,37,0,8,25,2,0,1
266,42,2010-04-22 12:00:00,17,11,0,1,7,0,0,1
267,42,2010-04-22 13:30:00,11,17,0,1,0,7,0,1
268,42,2010-04-22 15:00:00,13,18,0,1,4,14,0,1
269,42,2010-04-22 16:30:00,18,13,0,1,,,1,1
270,42,2010-04-22 12:00:00,12,14,1,3,9,4,0,1
271,42,2010-04-22 13:30:00,10,12,1,3,0,7,0,1
272,42,2010-04-22 15:00:00,14,10,1,3,7,0,0,1
273,46,2010-04-22 12:00:00,22,19,0,1,8,4,0,1
274,46,2010-04-22 13:30:00,19,22,0,1,8,12,0,1
275,44,2010-04-22 09:00:00,7,1,0,13,7,8,0,1
276,44,2010-04-22 10:30:00,1,7,0,13,7,6,0,1
277,44,2010-04-22 12:00:00,9,41,0,13,0,7,0,1
278,44,2010-04-22 13:30:00,41,9,0,13,7,0,0,1
279,44,2010-04-22 15:00:00,4,2,0,13,1,19,0,1
280,44,2010-04-22 16:30:00,2,4,0,13,5,15,0,1
281,44,2010-04-22 09:00:00,40,38,0,33,7,10,0,1
282,44,2010-04-22 10:30:00,33,40,0,33,13,5,0,1
283,44,2010-04-22 12:00:00,38,33,0,33,9,16,0,1
284,44,2010-04-22 13:30:00,39,34,0,33,5,3,0,1
285,44,2010-04-22 15:00:00,34,35,0,33,15,10,0,1
286,44,2010-04-22 16:30:00,35,39,0,33,4,11,0,1
287,44,2010-04-22 10:30:00,36,32,0,34,8,7,0,1
288,44,2010-04-22 12:00:00,32,37,0,34,12,4,0,1
289,44,2010-04-22 13:30:00,37,36,0,34,9,5,0,1
290,44,2010-04-22 15:00:00,12,13,0,34,0,10,0,1
291,44,2010-04-22 16:30:00,13,12,0,34,10,6,0,1
292,44,2010-04-22 15:00:00,18,14,0,14,8,14,0,1
293,44,2010-04-22 16:30:00,14,18,0,14,4,5,0,1
294,44,2010-04-22 09:00:00,5,6,0,25,22,6,0,1
295,44,2010-04-22 10:30:00,6,5,0,25,5,4,0,1
296,44,2010-04-22 12:00:00,3,8,0,25,23,12,0,1
297,44,2010-04-22 13:30:00,8,3,0,25,8,14,0,1
298,45,2010-04-22 16:00:00,10,17,1,8,12,13,0,1
299,45,2010-04-22 17:30:00,11,10,1,8,17,14,0,1
300,45,2010-04-22 19:00:00,17,11,1,8,22,3,0,1
301,47,2010-04-22 09:00:00,24,23,0,8,5,3,0,1
302,47,2010-04-22 10:30:00,23,24,0,8,19,5,0,1
303,47,2010-04-22 12:00:00,20,16,0,8,0,7,0,1
304,47,2010-04-22 13:30:00,16,20,0,8,7,0,0,1
305,47,2010-04-22 15:00:00,25,21,0,8,15,3,0,1
306,47,2010-04-22 16:30:00,21,25,0,8,4,19,0,1
307,48,2010-04-22 12:00:00,27,31,0,1,5,3,0,1
308,48,2010-04-22 13:30:00,31,27,0,1,0,7,0,1
309,48,2010-04-22 12:00:00,29,26,0,3,2,15,0,1
310,48,2010-04-22 13:30:00,26,29,0,3,12,5,0,1
311,48,2010-04-22 15:00:00,28,30,0,3,2,11,0,1
312,48,2010-04-22 16:30:00,30,28,0,3,8,2,0,1
313,56,2010-04-22 09:00:00,9,3,0,1,4,8,0,1
314,56,2010-04-22 10:30:00,3,9,0,1,9,10,0,1
315,56,2010-04-22 12:00:00,4,41,0,1,2,23,0,1
316,56,2010-04-22 13:30:00,41,4,0,1,21,6,0,1
317,56,2010-04-22 15:00:00,5,2,0,1,9,17,0,1
318,56,2010-04-22 16:30:00,2,5,0,1,9,14,0,1
319,56,2010-04-22 10:30:00,6,1,0,2,3,5,0,1
320,56,2010-04-22 12:00:00,1,6,0,2,11,3,0,1
321,56,2010-04-22 13:30:00,7,8,0,2,10,5,0,1
322,56,2010-04-22 15:00:00,8,7,1,2,11,5,0,1
323,58,2010-04-22 16:00:00,25,24,0,7,10,9,0,1
324,58,2010-04-22 17:30:00,24,25,0,7,23,3,0,1
325,55,2010-04-22 12:00:00,14,12,0,13,23,6,0,1
326,55,2010-04-22 13:30:00,12,14,0,13,3,25,0,1
327,55,2010-04-22 15:00:00,10,11,0,13,7,0,0,1
328,55,2010-04-22 16:30:00,11,10,0,13,0,7,0,1
329,55,2010-04-22 10:30:00,19,16,0,33,9,13,0,1
330,55,2010-04-22 12:00:00,16,19,0,33,8,7,0,1
331,55,2010-04-22 13:30:00,13,17,0,33,13,4,0,1
332,55,2010-04-22 15:00:00,17,13,0,33,9,4,0,1
333,55,2010-04-22 10:30:00,31,26,0,34,2,10,0,1
334,55,2010-04-22 12:00:00,26,31,0,34,10,7,0,1
335,55,2010-04-22 13:30:00,29,30,0,34,3,9,0,1
336,55,2010-04-22 15:00:00,30,29,0,34,5,6,0,1
337,55,2010-04-22 15:00:00,21,23,0,14,6,17,0,1
338,55,2010-04-22 16:30:00,23,21,0,14,7,5,0,1
339,55,2010-04-22 09:00:00,22,20,0,25,6,14,0,1
340,55,2010-04-22 10:30:00,20,22,0,25,18,4,0,1
341,55,2010-04-22 12:00:00,28,27,0,25,5,12,0,1
342,55,2010-04-22 13:30:00,27,28,0,25,12,4,0,1
343,60,2010-04-22 13:00:00,33,37,1,4,4,5,0,1
344,60,2010-04-22 14:30:00,39,33,1,4,7,7,0,1
345,60,2010-04-22 16:00:00,37,39,1,4,2,15,0,1
346,59,2010-04-22 09:00:00,32,34,1,8,8,2,0,1
347,59,2010-04-22 10:30:00,38,32,1,8,1,19,0,1
348,59,2010-04-22 12:00:00,34,38,1,8,14,9,0,1
349,59,2010-04-22 13:30:00,35,36,1,8,7,4,0,1
350,59,2010-04-22 15:00:00,40,35,1,8,3,9,0,1
351,59,2010-04-22 16:30:00,36,40,1,8,17,7,0,1
352,62,2010-04-22 10:30:00,2,1,0,1,2,1,0,1
353,62,2010-04-22 12:00:00,1,2,0,1,3,0,0,1
354,62,2010-04-22 13:30:00,24,23,0,1,8,3,0,1
355,62,2010-04-22 15:00:00,20,16,1,1,14,2,0,1
356,62,2010-04-22 10:30:00,21,25,0,2,9,10,0,1
357,62,2010-04-22 12:00:00,22,21,0,2,4,7,0,1
358,62,2010-04-22 13:30:00,25,22,0,2,10,9,0,1
359,62,2010-04-22 15:00:00,19,24,0,2,5,20,0,1
360,62,2010-04-22 16:30:00,23,19,0,2,9,0,0,1
361,64,2010-04-22 16:00:00,36,34,1,7,8,7,0,1
362,64,2010-04-22 17:30:00,33,36,1,7,5,11,0,1
363,64,2010-04-22 19:00:00,34,33,1,7,16,1,0,1
364,61,2010-04-22 13:30:00,40,38,1,25,10,5,0,1
365,61,2010-04-22 15:00:00,39,40,1,14,14,0,0,1
366,61,2010-04-22 16:30:00,38,39,1,14,10,6,0,1
367,61,2010-04-22 09:00:00,37,32,1,25,7,0,0,1
368,61,2010-04-22 10:30:00,35,37,1,25,8,7,0,1
369,61,2010-04-22 12:00:00,32,35,1,25,2,2,0,1
370,61,2010-04-22 10:30:00,13,10,0,13,11,10,0,1
371,61,2010-04-22 12:00:00,10,13,0,13,8,7,0,1
372,61,2010-04-22 12:00:00,8,4,0,33,18,6,0,1
373,61,2010-04-22 13:30:00,4,8,1,33,0,14,0,1
374,61,2010-04-22 15:00:00,9,7,0,33,7,6,0,1
375,61,2010-04-22 16:30:00,7,9,0,33,2,8,0,1
376,61,2010-04-22 10:30:00,11,14,0,34,4,23,0,1
377,61,2010-04-22 12:00:00,14,11,0,34,2,6,0,1
378,61,2010-04-22 13:30:00,5,41,1,34,13,8,0,1
379,61,2010-04-22 15:00:00,6,5,1,34,1,21,0,1
380,61,2010-04-22 16:30:00,41,6,1,34,5,2,0,1
381,61,2010-04-22 15:00:00,17,18,0,13,5,7,0,1
382,61,2010-04-22 16:30:00,18,17,0,13,7,17,0,1
383,66,2010-04-22 14:30:00,27,26,0,4,21,8,0,1
384,66,2010-04-22 16:00:00,26,27,0,4,6,20,0,1
385,65,2010-04-22 10:30:00,29,28,0,8,7,3,0,1
386,65,2010-04-22 12:00:00,28,29,0,8,1,19,0,1
387,65,2010-04-22 13:30:00,31,30,0,8,3,15,0,1
388,65,2010-04-22 15:00:00,30,31,0,8,7,0,0,1
389,67,2010-04-22 15:00:00,23,22,0,13,7,0,0,1
390,67,2010-04-22 16:30:00,25,23,1,13,7,14,0,1
391,67,2010-04-22 12:00:00,2,3,0,25,6,11,0,1
392,67,2010-04-22 13:30:00,3,2,0,25,7,6,0,1
393,67,2010-04-22 15:00:00,16,24,0,14,6,9,0,1
394,67,2010-04-22 16:30:00,22,16,0,14,0,7,0,1
395,70,2010-04-22 16:00:00,20,19,0,7,18,5,0,1
396,70,2010-04-22 17:30:00,21,20,0,7,5,15,0,1
397,70,2010-04-22 19:00:00,19,21,0,7,25,1,0,1
398,67,2010-04-22 12:00:00,8,41,0,13,0,7,0,1
399,67,2010-04-22 13:30:00,41,8,1,13,7,0,0,1
400,67,2010-04-22 12:00:00,5,7,1,33,10,10,0,1
401,67,2010-04-22 13:30:00,4,5,1,33,6,10,0,1
402,67,2010-04-22 15:00:00,7,9,1,33,8,8,0,1
403,67,2010-04-22 12:00:00,6,4,1,34,15,4,0,1
404,67,2010-04-22 13:30:00,9,6,1,34,10,7,0,1
405,74,2010-04-22 10:30:00,4,41,1,1,7,8,0,1
406,74,2010-04-22 12:00:00,41,9,1,1,17,12,0,1
407,74,2010-04-22 13:30:00,5,8,1,1,21,12,0,1
408,74,2010-04-22 15:00:00,8,6,1,1,12,11,0,1
409,74,2010-04-22 10:30:00,5,9,1,2,21,10,0,1
410,74,2010-04-22 12:00:00,7,6,1,2,13,6,0,1
411,74,2010-04-22 13:30:00,7,4,1,2,14,21,0,1
412,28,2010-04-28 12:00:00,34,38,0,1,20,1,0,1
413,28,2010-04-28 13:30:00,38,34,0,1,2,18,0,1
414,39,2010-05-10 16:00:00,40,32,0,8,3,10,0,1
415,39,2010-05-10 17:30:00,32,40,0,8,17,4,0,1
416,38,2010-05-28 10:00:00,28,31,0,13,,,,1
417,76,2010-05-28 16:00:00,31,29,0,7,0,7,0,1
418,76,2010-05-28 17:30:00,29,31,0,7,7,0,0,1
419,44,2010-06-13 10:00:00,37,32,0,34,8,27,0,1
420,61,2010-07-13 13:30:00,18,13,0,13,2,4,0,1
421,91,2010-09-17 12:00:00,43,45,0,25,12,1,0,1
422,91,2010-09-17 13:30:00,45,43,0,25,6,4,0,1
423,91,2010-09-17 15:00:00,46,44,0,25,14,2,0,1
424,91,2010-09-17 16:30:00,44,46,0,25,5,8,0,1
425,91,2010-09-17 12:00:00,48,47,0,24,3,16,0,1
426,91,2010-09-17 13:30:00,47,48,0,24,11,4,0,1
427,91,2010-09-17 15:00:00,50,49,0,24,11,13,0,1
428,91,2010-09-17 16:30:00,49,50,0,24,5,3,0,1
429,91,2010-09-17 12:00:00,52,51,0,26,7,4,0,1
430,91,2010-09-17 13:30:00,51,52,0,26,6,14,0,1
431,91,2010-09-17 15:00:00,54,53,0,26,9,5,0,1
432,91,2010-09-17 16:30:00,53,54,0,26,7,12,0,1
433,92,2010-09-17 12:00:00,,,,24,,,,1
434,92,2010-09-17 13:30:00,,,,24,,,,1
435,92,2010-09-17 15:00:00,,,,24,,,,1
436,92,2010-09-17 16:30:00,,,,24,,,,1
437,92,2010-09-17 12:00:00,47,54,0,25,9,15,0,1
438,92,2010-09-17 13:30:00,54,47,0,25,15,17,0,1
439,92,2010-09-17 15:00:00,48,53,0,25,1,19,0,1
440,92,2010-09-17 16:30:00,53,48,0,25,15,5,0,1
441,92,2010-09-17 12:00:00,51,49,0,26,3,0,0,1
442,92,2010-09-17 13:30:00,49,51,0,26,9,6,0,1
443,92,2010-09-17 15:00:00,52,50,0,26,7,4,0,1
444,92,2010-09-17 16:30:00,50,52,0,26,5,16,0,1
445,93,2010-09-17 12:00:00,43,46,0,25,10,8,0,1
446,93,2010-09-17 13:30:00,46,43,0,25,3,6,0,1
447,93,2010-09-17 15:00:00,44,45,0,25,3,11,0,1
448,93,2010-09-17 16:30:00,45,44,0,25,14,6,0,1
449,93,2010-09-17 12:00:00,49,47,0,24,5,3,0,1
450,93,2010-09-17 13:30:00,47,49,0,24,5,17,0,1
451,93,2010-09-17 15:00:00,51,50,0,24,3,1,0,1
452,93,2010-09-17 16:30:00,50,51,0,24,4,5,0,1
453,93,2010-09-17 12:00:00,53,52,0,26,13,4,0,1
454,93,2010-09-17 13:30:00,52,53,0,26,8,13,0,1
455,93,2010-09-17 15:00:00,54,48,0,26,22,1,0,1
456,93,2010-09-17 16:30:00,48,54,0,26,10,18,0,1
457,94,2010-09-17 12:00:00,,,,24,,,,1
458,94,2010-09-17 13:30:00,,,,24,,,,1
459,94,2010-09-17 15:00:00,,,,24,,,,1
460,94,2010-09-17 16:30:00,,,,24,,,,1
461,94,2010-09-17 12:00:00,,,,25,,,,1
462,94,2010-09-17 13:30:00,,,,25,,,,1
463,94,2010-09-17 15:00:00,,,,25,,,,1
464,94,2010-09-17 16:30:00,,,,25,,,,1
465,94,2010-09-17 12:00:00,,,,26,,,,1
466,94,2010-09-17 13:30:00,,,,26,,,,1
467,94,2010-09-17 15:00:00,,,,26,,,,1
468,94,2010-09-17 16:30:00,,,,26,,,,1
469,95,2010-09-17 12:00:00,44,43,0,25,10,20,0,1
470,95,2010-09-17 13:30:00,43,44,0,25,18,6,0,1
471,95,2010-09-17 15:00:00,46,45,0,25,18,6,0,1
472,95,2010-09-17 16:30:00,45,46,0,25,6,18,0,1
473,95,2010-09-17 12:00:00,49,48,0,24,30,0,0,1
474,95,2010-09-17 13:30:00,48,49,0,24,12,15,0,1
475,95,2010-09-17 15:00:00,47,50,0,24,6,18,0,1
476,95,2010-09-17 16:30:00,50,47,0,24,18,12,0,1
477,95,2010-09-17 12:00:00,53,51,0,26,2,3,0,1
478,95,2010-09-17 13:30:00,51,53,0,26,4,5,0,1
479,95,2010-09-17 15:00:00,54,52,0,26,16,4,0,1
480,95,2010-09-17 16:30:00,52,54,0,26,11,13,0,1
481,96,2010-09-17 12:00:00,43,45,0,25,22,10,0,1
482,96,2010-09-17 13:30:00,45,43,0,25,7,22,0,1
483,96,2010-09-17 15:00:00,46,44,0,25,11,8,0,1
484,96,2010-09-17 16:30:00,44,46,0,25,4,23,0,1
485,96,2010-09-17 12:00:00,52,49,0,24,18,7,0,1
486,96,2010-09-17 13:30:00,49,52,0,24,19,2,0,1
487,96,2010-09-17 15:00:00,50,48,0,24,13,9,0,1
488,96,2010-09-17 16:30:00,48,50,0,24,10,13,0,1
489,96,2010-09-17 12:00:00,53,47,0,26,14,1,0,1
490,96,2010-09-17 13:30:00,47,53,0,26,7,24,0,1
491,96,2010-09-17 15:00:00,54,51,0,26,10,4,0,1
492,96,2010-09-17 16:30:00,51,54,0,26,8,15,0,1
493,97,2010-09-17 12:00:00,44,45,0,25,8,23,0,1
494,97,2010-09-17 13:30:00,45,44,0,25,15,9,0,1
495,97,2010-09-17 15:00:00,46,43,0,25,10,21,0,1
496,97,2010-09-17 16:30:00,43,46,0,25,2,7,0,1
497,97,2010-09-17 12:00:00,51,47,0,24,7,6,0,1
498,97,2010-09-17 13:30:00,48,51,0,24,2,14,0,1
499,97,2010-09-17 15:00:00,49,54,1,24,14,13,0,1
500,97,2010-09-17 16:30:00,53,49,1,24,2,12,0,1
501,97,2010-09-17 12:00:00,52,48,0,26,26,4,0,1
502,97,2010-09-17 13:30:00,47,52,0,26,9,19,0,1
503,97,2010-09-17 15:00:00,50,53,1,26,5,9,0,1
504,97,2010-09-17 16:30:00,54,50,1,26,19,3,0,1
505,98,2010-09-17 12:00:00,46,45,0,25,3,8,0,1
506,98,2010-09-17 13:30:00,45,46,0,25,2,0,0,1
507,98,2010-09-17 15:00:00,44,43,0,25,2,14,0,1
508,98,2010-09-17 16:30:00,43,44,0,25,4,2,0,1
509,98,2010-09-17 12:00:00,,,,24,,,,1
510,98,2010-09-17 13:30:00,,,,24,,,,1
511,98,2010-09-17 15:00:00,,,,24,,,,1
512,98,2010-09-17 16:30:00,,,,24,,,,1
513,98,2010-09-17 12:00:00,,,,26,,,,1
514,98,2010-09-17 13:30:00,,,,26,,,,1
515,98,2010-09-17 15:00:00,,,,26,,,,1
516,98,2010-09-17 16:30:00,,,,26,,,,1
517,99,2010-09-17 12:00:00,,,,25,,,,1
518,99,2010-09-17 13:30:00,,,,25,,,,1
519,99,2010-09-17 15:00:00,,,,25,,,,1
520,99,2010-09-17 16:30:00,,,,25,,,,1
521,100,2011-04-19 12:00:00,61,56,0,13,20,19,0,1
522,100,2011-04-19 13:30:00,62,61,0,13,23,12,0,1
523,100,2011-04-19 15:00:00,56,62,0,13,,,1,1
524,100,2011-04-19 12:00:00,58,63,0,25,0,7,0,1
525,100,2011-04-19 13:30:00,63,58,0,25,18,7,0,1
526,100,2011-04-19 12:00:00,59,55,0,33,19,36,0,1
527,100,2011-04-19 13:30:00,55,59,0,33,30,13,0,1
528,100,2011-04-19 12:00:00,57,60,0,34,25,14,0,1
529,100,2011-04-19 13:30:00,60,57,0,34,23,5,0,1
530,108,2011-04-19 12:00:00,80,84,0,1,1,17,0,1
531,108,2011-04-19 13:30:00,84,80,0,1,17,6,0,1
532,107,2011-04-19 10:15:00,58,56,0,13,11,8,0,1
533,107,2011-04-19 11:30:00,56,58,0,13,12,13,0,1
534,107,2011-04-19 12:45:00,62,57,0,13,8,10,0,1
535,107,2011-04-19 14:00:00,57,62,0,13,12,4,0,1
536,107,2011-04-19 15:00:00,78,77,0,13,12,17,0,1
537,107,2011-04-19 16:30:00,77,78,0,13,9,4,0,1
538,107,2011-04-19 15:00:00,74,73,0,14,14,9,0,1
539,107,2011-04-19 16:30:00,73,74,0,14,11,9,0,1
540,107,2011-04-19 10:30:00,68,64,0,25,13,17,0,1
541,107,2011-04-19 12:00:00,71,68,0,25,10,9,0,1
542,107,2011-04-19 13:30:00,64,71,0,25,13,3,0,1
543,107,2011-04-19 09:00:00,61,59,0,33,19,9,0,1
544,107,2011-04-19 10:15:00,59,61,0,33,7,21,0,1
545,107,2011-04-19 11:30:00,55,63,0,33,4,8,0,1
546,107,2011-04-19 12:45:00,60,55,0,33,7,10,0,1
547,107,2011-04-19 14:00:00,63,60,0,33,8,9,0,1
548,107,2011-04-19 15:00:00,75,79,0,33,8,5,0,1
549,107,2011-04-19 16:30:00,79,75,0,33,7,16,0,1
550,107,2011-04-19 09:00:00,69,66,0,34,17,5,0,1
551,107,2011-04-19 10:30:00,66,69,0,34,8,6,0,1
552,107,2011-04-19 12:00:00,70,65,0,34,5,24,0,1
553,107,2011-04-19 13:30:00,65,70,0,34,13,7,0,1
554,107,2011-04-19 15:00:00,72,76,0,34,11,11,0,1
555,107,2011-04-19 16:30:00,76,72,0,34,9,11,0,1
556,113,2011-04-19 16:00:00,81,83,0,8,12,6,0,1
557,113,2011-04-19 17:15:00,82,81,0,8,6,0,0,1
558,113,2011-04-19 18:30:00,83,82,0,8,6,9,0,1
559,112,2011-04-19 12:00:00,91,90,0,1,11,14,0,1
560,112,2011-04-19 13:30:00,90,91,0,1,9,13,0,1
561,112,2011-04-19 12:00:00,92,93,0,2,11,10,0,1
562,112,2011-04-19 13:30:00,93,92,0,2,7,6,0,1
563,111,2011-04-19 10:30:00,87,88,0,8,3,16,0,1
564,111,2011-04-19 12:00:00,88,87,0,8,14,9,0,1
565,111,2011-04-19 13:30:00,86,85,0,8,7,3,0,1
566,111,2011-04-19 15:00:00,89,86,0,8,12,11,0,1
567,111,2011-04-19 16:30:00,85,89,0,8,8,16,0,1
568,115,2011-04-19 12:00:00,69,64,0,1,12,11,0,1
569,115,2011-04-19 13:30:00,64,69,0,1,8,11,0,1
570,114,2011-04-19 09:00:00,85,88,0,13,10,7,0,1
571,114,2011-04-19 10:30:00,88,89,0,13,5,4,0,1
572,114,2011-04-19 12:00:00,89,85,0,13,7,2,0,1
573,114,2011-04-19 13:30:00,80,84,0,13,3,13,0,1
574,114,2011-04-19 15:00:00,84,82,0,13,16,11,0,1
575,114,2011-04-19 16:30:00,82,80,0,13,2,17,0,1
576,114,2011-04-19 15:00:00,83,81,0,14,12,23,0,1
577,114,2011-04-19 16:30:00,81,83,0,14,15,9,0,1
578,114,2011-04-19 10:30:00,94,91,0,25,6,19,0,1
579,114,2011-04-19 12:00:00,91,92,1,25,12,11,0,1
580,114,2011-04-19 13:30:00,92,94,0,25,21,4,0,1
581,114,2011-04-19 09:00:00,77,79,0,33,8,1,0,1
582,114,2011-04-19 10:30:00,79,77,0,33,12,11,0,1
583,114,2011-04-19 12:00:00,78,72,0,33,5,8,0,1
584,114,2011-04-19 13:30:00,72,78,0,33,2,9,0,1
585,114,2011-04-19 15:00:00,86,87,0,33,8,3,0,1
586,114,2011-04-19 16:30:00,87,86,0,33,1,3,0,1
587,114,2011-04-19 09:00:00,73,75,0,34,7,10,0,1
588,114,2011-04-19 10:30:00,75,73,0,34,20,3,0,1
589,114,2011-04-19 12:00:00,76,74,0,34,5,17,0,1
590,114,2011-04-19 13:30:00,74,76,0,34,2,8,0,1
591,114,2011-04-19 15:00:00,93,90,0,34,6,3,0,1
592,114,2011-04-19 16:30:00,90,93,0,34,1,10,0,1
593,117,2011-04-19 09:00:00,66,68,0,8,22,6,0,1
594,117,2011-04-19 10:30:00,65,66,0,8,8,26,0,1
595,117,2011-04-19 12:00:00,68,65,0,8,0,23,0,1
596,117,2011-04-19 13:30:00,70,71,0,8,15,8,0,1
597,117,2011-04-19 15:00:00,71,70,0,8,13,6,0,1
598,118,2011-04-19 12:00:00,62,60,0,2,15,14,0,1
599,118,2011-04-19 13:15:00,60,62,0,2,9,12,0,1
600,118,2011-04-19 14:30:00,59,58,0,2,0,7,0,1
601,118,2011-04-19 15:45:00,57,59,0,2,7,0,0,1
602,118,2011-04-19 17:00:00,58,57,0,2,,,1,1
603,118,2011-04-19 12:00:00,61,55,0,3,7,0,0,1
604,118,2011-04-19 13:15:00,55,61,0,3,0,7,0,1
605,118,2011-04-19 14:30:00,56,63,0,3,12,11,0,1
606,118,2011-04-19 15:45:00,63,56,0,3,10,15,0,1
607,121,2011-04-19 12:00:00,70,68,0,1,16,15,0,1
608,121,2011-04-19 13:30:00,68,70,0,1,18,8,0,1
609,120,2011-04-19 09:00:00,93,90,0,13,11,4,0,1
610,120,2011-04-19 10:30:00,90,92,0,13,5,6,0,1
611,120,2011-04-19 12:00:00,92,93,0,13,9,2,0,1
612,120,2011-04-19 13:30:00,84,81,0,13,17,12,0,1
613,120,2011-04-19 15:00:00,81,82,0,13,9,13,0,1
614,120,2011-04-19 16:30:00,82,84,0,13,2,13,0,1
615,120,2011-04-19 15:00:00,80,83,0,14,5,1,0,1
616,120,2011-04-19 16:30:00,83,80,0,14,7,15,0,1
617,120,2011-04-19 10:30:00,94,91,0,25,17,7,0,1
618,120,2011-04-19 12:00:00,91,94,0,25,9,9,0,1
619,120,2011-04-19 13:30:00,66,64,0,25,22,6,0,1
620,120,2011-04-19 09:00:00,60,61,0,33,16,14,0,1
621,120,2011-04-19 10:30:00,58,60,0,33,4,11,0,1
622,120,2011-04-19 12:00:00,61,58,0,33,5,10,0,1
623,120,2011-04-19 13:30:00,59,62,0,33,0,7,0,1
624,120,2011-04-19 15:00:00,63,59,0,33,7,0,0,1
625,120,2011-04-19 16:30:00,62,63,0,33,10,12,0,1
626,120,2011-04-19 10:30:00,69,66,0,34,6,3,0,1
627,120,2011-04-19 12:00:00,64,69,0,34,7,16,0,1
628,120,2011-04-19 13:30:00,57,56,0,34,8,4,0,1
629,120,2011-04-19 15:00:00,55,57,0,34,6,9,0,1
630,120,2011-04-19 16:30:00,56,55,0,34,2,15,0,1
631,125,2011-04-19 16:00:00,65,71,0,8,,,1,1
632,125,2011-04-19 17:30:00,71,65,0,8,,,1,1
633,123,2011-04-19 10:30:00,89,86,0,8,,,1,1
634,123,2011-04-19 12:00:00,86,89,0,8,,,1,1
635,123,2011-04-19 13:30:00,87,88,0,8,,,1,1
636,123,2011-04-19 15:00:00,85,87,0,8,,,1,1
637,123,2011-04-19 16:30:00,88,85,0,8,,,1,1
638,124,2011-04-19 12:00:00,75,77,0,2,,,1,1
639,124,2011-04-19 13:30:00,77,75,0,2,,,1,1
640,124,2011-04-19 15:00:00,72,79,0,2,,,1,1
641,124,2011-04-19 16:30:00,79,72,0,2,,,1,1
642,124,2011-04-19 12:00:00,78,74,0,3,,,1,1
643,124,2011-04-19 13:30:00,74,78,0,3,,,1,1
644,124,2011-04-19 15:00:00,73,76,0,3,,,1,1
645,124,2011-04-19 16:30:00,76,73,0,3,,,1,1
646,127,2011-04-19 12:00:00,66,68,0,1,22,5,0,1
647,127,2011-04-19 13:30:00,68,66,0,1,4,11,0,1
648,126,2011-04-19 09:00:00,78,76,0,13,,,1,1
649,126,2011-04-19 10:30:00,76,78,0,13,,,1,1
650,126,2011-04-19 12:00:00,77,72,0,13,,,1,1
651,126,2011-04-19 13:30:00,72,77,0,13,,,1,1
652,126,2011-04-19 15:00:00,73,79,0,13,,,1,1
653,126,2011-04-19 16:30:00,79,73,0,13,,,1,1
654,126,2011-04-19 15:00:00,64,70,0,14,,,1,1
655,126,2011-04-19 16:30:00,65,64,0,14,,,1,1
656,126,2011-04-19 18:00:00,70,65,0,14,,,1,1
657,126,2011-04-19 09:00:00,60,59,0,25,,,1,1
658,126,2011-04-19 10:30:00,59,60,0,25,,,1,1
659,126,2011-04-19 12:00:00,57,63,0,25,,,1,1
660,126,2011-04-19 13:30:00,63,57,0,25,,,1,1
661,126,2011-04-19 12:00:00,75,74,0,33,15,5,0,1
662,126,2011-04-19 13:30:00,74,75,0,33,5,6,0,1
663,126,2011-04-19 15:00:00,69,71,0,33,16,11,0,1
664,126,2011-04-19 16:30:00,71,69,0,33,0,12,0,1
665,126,2011-04-19 10:30:00,61,62,0,34,9,8,0,1
666,126,2011-04-19 12:00:00,62,56,0,34,22,3,0,1
667,126,2011-04-19 13:30:00,56,61,0,34,10,15,0,1
668,126,2011-04-19 15:00:00,55,58,0,34,7,20,0,1
669,126,2011-04-19 16:30:00,58,55,0,34,16,5,0,1
670,131,2011-04-19 16:00:00,91,90,0,8,3,17,0,1
671,131,2011-04-19 17:15:00,93,91,0,8,9,1,0,1
672,131,2011-04-19 18:30:00,90,93,0,8,5,19,0,1
673,129,2011-04-19 09:00:00,89,88,0,8,5,10,0,1
674,129,2011-04-19 10:30:00,87,89,0,8,16,4,0,1
675,129,2011-04-19 12:00:00,88,87,0,8,11,13,0,1
676,129,2011-04-19 13:30:00,86,85,0,8,7,6,0,1
677,129,2011-04-19 15:00:00,85,86,0,8,8,7,0,1
678,129,2011-04-19 16:30:00,92,94,0,8,12,1,0,1
679,129,2011-04-19 18:00:00,94,92,0,8,16,11,0,1
680,130,2011-04-19 13:30:00,81,84,0,2,9,7,0,1
681,130,2011-04-19 15:00:00,84,83,0,2,5,4,0,1
682,130,2011-04-19 16:30:00,83,81,1,2,17,4,0,1
683,130,2011-04-19 13:30:00,80,82,0,3,1,9,0,1
684,130,2011-04-19 15:00:00,82,80,0,3,1,8,0,1
685,133,2011-04-19 12:00:00,73,77,0,1,10,25,0,1
686,133,2011-04-19 13:30:00,77,73,0,1,19,1,0,1
687,132,2011-04-19 10:30:00,70,69,0,13,12,21,0,1
688,132,2011-04-19 12:00:00,69,70,0,13,16,4,0,1
689,132,2011-04-19 13:30:00,71,64,0,13,1,13,0,1
690,132,2011-04-19 15:00:00,64,68,0,13,21,5,0,1
691,132,2011-04-19 16:30:00,68,71,0,13,15,4,0,1
692,132,2011-04-19 15:00:00,75,78,0,14,17,12,0,1
693,132,2011-04-19 16:30:00,78,75,0,14,12,13,0,1
694,132,2011-04-19 09:00:00,74,72,0,25,12,11,0,1
695,132,2011-04-19 10:30:00,72,74,0,25,23,5,0,1
696,132,2011-04-19 12:00:00,76,79,0,25,14,13,0,1
697,132,2011-04-19 13:30:00,79,76,0,25,11,6,0,1
698,132,2011-04-19 09:00:00,56,59,0,33,10,4,0,1
699,132,2011-04-19 10:30:00,59,56,0,33,19,13,0,1
700,132,2011-04-19 12:00:00,61,57,0,33,5,13,0,1
701,132,2011-04-19 13:30:00,57,61,0,33,11,2,0,1
702,132,2011-04-19 15:00:00,62,58,0,33,9,14,0,1
703,132,2011-04-19 16:30:00,58,62,0,33,6,5,0,1
704,132,2011-04-19 09:00:00,65,66,0,34,8,5,0,1
705,132,2011-04-19 10:30:00,66,65,0,34,2,18,0,1
706,132,2011-04-19 12:00:00,55,60,0,34,9,12,0,1
707,132,2011-04-19 13:30:00,60,63,0,34,14,15,0,1
708,132,2011-04-19 15:00:00,63,55,0,34,7,0,0,1
709,137,2011-04-19 16:00:00,83,80,0,8,5,17,0,1
710,137,2011-04-19 17:15:00,80,82,0,8,4,19,0,1
711,137,2011-04-19 18:30:00,82,83,0,8,12,8,0,1
712,135,2011-04-19 09:00:00,94,93,0,8,4,14,0,1
713,135,2011-04-19 10:30:00,93,94,0,8,16,6,0,1
714,135,2011-04-19 12:00:00,90,91,0,8,12,4,0,1
715,135,2011-04-19 13:30:00,92,90,0,8,2,13,0,1
716,135,2011-04-19 15:00:00,91,92,0,8,7,7,0,1
717,135,2011-04-19 16:30:00,84,81,0,8,12,9,0,1
718,135,2011-04-19 18:00:00,81,84,0,8,16,13,0,1
719,136,2011-04-19 13:30:00,85,89,1,2,12,14,0,1
720,136,2011-04-19 15:00:00,87,85,0,2,5,5,0,1
721,136,2011-04-19 16:30:00,89,87,0,2,14,12,0,1
722,136,2011-04-19 13:30:00,86,88,0,3,13,8,0,1
723,136,2011-04-19 15:00:00,88,86,0,3,7,7,0,1
724,139,2011-04-19 12:00:00,82,81,0,1,,,1,1
725,139,2011-04-19 13:30:00,81,82,0,1,,,1,1
726,138,2011-04-19 12:00:00,75,76,0,13,,,1,1
727,138,2011-04-19 13:30:00,76,75,0,13,,,1,1
728,138,2011-04-19 15:00:00,77,74,0,13,,,1,1
729,138,2011-04-19 16:30:00,74,77,0,13,,,1,1
730,138,2011-04-19 15:00:00,70,71,0,14,,,1,1
731,138,2011-04-19 16:30:00,71,70,0,14,,,1,1
732,138,2011-04-19 10:30:00,85,88,1,25,,,1,1
733,138,2011-04-19 12:00:00,85,86,0,25,,,1,1
734,138,2011-04-19 13:30:00,88,86,1,25,,,1,1
735,138,2011-04-19 10:30:00,64,66,0,33,,,1,1
736,138,2011-04-19 12:00:00,66,69,0,33,,,1,1
737,138,2011-04-19 13:30:00,69,64,0,33,,,1,1
738,138,2011-04-19 15:00:00,65,68,0,33,,,1,1
739,138,2011-04-19 16:30:00,68,65,0,33,,,1,1
740,138,2011-04-19 09:00:00,87,89,0,34,,,1,1
741,138,2011-04-19 10:30:00,89,87,0,34,,,1,1
742,138,2011-04-19 12:00:00,79,78,0,34,,,1,1
743,138,2011-04-19 13:30:00,78,79,0,34,,,1,1
744,138,2011-04-19 15:00:00,72,73,0,34,,,1,1
745,138,2011-04-19 16:30:00,73,72,0,34,,,1,1
746,143,2011-04-19 16:00:00,84,80,1,8,5,9,0,1
747,143,2011-04-19 17:30:00,80,83,1,8,6,9,0,1
748,143,2011-04-19 19:00:00,83,84,1,8,3,16,0,1
749,141,2011-04-19 10:30:00,94,90,0,8,7,0,0,1
750,141,2011-04-19 12:00:00,90,94,0,8,7,0,0,1
751,141,2011-04-19 13:30:00,93,92,0,8,8,7,0,1
752,141,2011-04-19 15:00:00,91,93,0,8,2,11,0,1
753,141,2011-04-19 16:30:00,92,91,0,8,19,14,0,1
754,142,2011-04-19 12:00:00,59,57,0,2,0,7,0,1
755,142,2011-04-19 13:15:00,57,58,0,2,5,4,0,1
756,142,2011-04-19 14:30:00,58,59,0,2,7,0,0,1
757,142,2011-04-19 15:45:00,61,63,0,2,16,11,0,1
758,142,2011-04-19 17:00:00,63,61,0,2,23,5,0,1
759,142,2011-04-19 12:00:00,56,60,0,3,7,9,0,1
760,142,2011-04-19 13:15:00,60,56,0,3,7,6,0,1
761,142,2011-04-19 14:30:00,62,55,0,3,15,0,0,1
762,142,2011-04-19 15:45:00,55,62,0,3,8,14,0,1
763,145,2011-04-19 12:00:00,89,85,0,1,7,1,0,1
764,145,2011-04-19 13:30:00,85,89,0,1,2,14,0,1
765,144,2011-04-19 10:30:00,74,79,1,13,,,1,1
766,144,2011-04-19 12:00:00,76,77,0,13,13,5,0,1
767,144,2011-04-19 13:30:00,77,76,0,13,5,4,0,1
768,144,2011-04-19 15:00:00,75,72,0,13,21,9,0,1
769,144,2011-04-19 16:30:00,72,75,0,13,6,4,0,1
770,144,2011-04-19 15:00:00,73,78,0,14,11,6,0,1
771,144,2011-04-19 16:30:00,78,73,0,14,9,11,0,1
772,144,2011-04-19 10:30:00,83,81,0,25,,,1,1
773,144,2011-04-19 12:00:00,80,83,0,25,7,0,0,1
774,144,2011-04-19 13:30:00,81,80,0,25,3,8,0,1
775,144,2011-04-19 09:00:00,60,58,0,33,,,1,1
776,144,2011-04-19 10:30:00,58,61,0,33,,,1,1
777,144,2011-04-19 12:00:00,61,60,0,33,12,7,0,1
778,144,2011-04-19 13:30:00,59,63,0,33,1,17,0,1
779,144,2011-04-19 15:00:00,62,59,0,33,10,8,0,1
780,144,2011-04-19 16:30:00,63,62,0,33,11,10,0,1
781,144,2011-04-19 10:30:00,57,55,0,34,,,1,1
782,144,2011-04-19 12:00:00,55,56,0,34,7,15,0,1
783,144,2011-04-19 13:30:00,56,57,0,34,1,11,0,1
784,144,2011-04-19 15:00:00,84,82,0,34,14,1,0,1
785,144,2011-04-19 16:30:00,82,84,0,34,2,5,0,1
786,149,2011-04-19 16:00:00,87,86,0,8,18,7,0,1
787,149,2011-04-19 17:30:00,86,88,0,8,6,11,0,1
788,149,2011-04-19 19:00:00,87,88,1,8,18,6,0,1
789,147,2011-04-19 10:30:00,92,91,0,8,5,5,0,1
790,147,2011-04-19 12:00:00,91,92,0,8,9,14,0,1
791,147,2011-04-19 13:30:00,93,90,1,8,12,2,0,1
792,147,2011-04-19 15:00:00,94,93,0,8,3,9,0,1
793,147,2011-04-19 16:30:00,90,94,0,8,2,3,0,1
794,148,2011-04-19 12:00:00,65,64,0,2,11,4,0,1
795,148,2011-04-19 13:30:00,64,65,0,2,12,9,0,1
796,148,2011-04-19 15:00:00,66,71,0,2,7,0,0,1
797,148,2011-04-19 16:30:00,71,66,0,2,0,7,0,1
798,148,2011-04-19 12:00:00,68,69,0,3,8,22,0,1
799,148,2011-04-19 13:30:00,69,70,1,3,21,12,0,1
800,148,2011-04-19 15:00:00,70,68,0,3,9,28,0,1
801,163,2011-04-19 12:00:00,82,83,0,1,,,1,1
802,163,2011-04-19 13:30:00,83,82,0,1,,,1,1
803,164,2011-04-19 09:00:00,70,66,0,1,6,12,0,1
804,164,2011-04-19 10:30:00,66,70,0,1,22,12,0,1
805,164,2011-04-19 12:00:00,77,75,1,1,14,12,0,1
806,164,2011-04-19 13:30:00,75,77,1,1,7,16,0,1
807,164,2011-04-19 15:00:00,79,76,1,1,5,9,0,1
808,164,2011-04-19 16:30:00,74,76,1,1,9,5,0,1
809,164,2011-04-19 09:00:00,65,69,0,2,16,8,0,1
810,164,2011-04-19 10:30:00,69,65,0,2,1,18,0,1
811,164,2011-04-19 12:00:00,73,72,1,2,10,15,0,1
812,164,2011-04-19 13:30:00,73,72,1,2,9,9,0,1
813,164,2011-04-19 15:00:00,74,78,1,2,2,8,0,1
814,164,2011-04-19 16:30:00,78,79,1,2,12,5,0,1
815,165,2011-04-19 16:00:00,84,80,0,7,17,6,0,1
816,165,2011-04-19 17:30:00,81,84,1,7,7,9,0,1
817,165,2011-04-19 19:00:00,80,81,0,7,12,6,0,1
818,166,2011-04-19 14:00:00,92,90,0,5,6,5,0,1
819,166,2011-04-19 15:30:00,90,92,0,5,1,16,0,1
820,166,2011-04-19 17:00:00,89,88,0,5,0,7,0,1
821,166,2011-04-19 18:30:00,88,89,0,5,2,6,0,1
822,166,2011-04-19 13:00:00,91,93,1,6,5,5,0,1
823,166,2011-04-19 14:30:00,93,94,0,6,16,1,0,1
824,166,2011-04-19 16:00:00,94,91,1,6,6,9,0,1
825,162,2011-04-19 13:30:00,63,55,1,13,7,0,0,1
826,162,2011-04-19 15:00:00,58,63,1,13,0,7,0,1
827,162,2011-04-19 16:30:00,55,58,1,13,0,7,0,1
828,162,2011-04-19 10:30:00,71,68,1,25,18,9,0,1
829,162,2011-04-19 12:00:00,64,71,0,25,7,11,0,1
830,162,2011-04-19 13:30:00,68,64,1,25,3,26,0,1
831,162,2011-04-19 13:30:00,61,57,1,33,7,4,0,1
832,162,2011-04-19 15:00:00,59,61,1,33,0,7,0,1
833,162,2011-04-19 16:30:00,57,59,1,33,7,0,0,1
834,162,2011-04-19 13:30:00,56,60,1,34,12,20,0,1
835,162,2011-04-19 15:00:00,62,56,1,34,9,8,0,1
836,162,2011-04-19 16:30:00,60,62,1,34,6,7,0,1
837,169,2011-04-19 13:00:00,85,87,1,4,7,8,0,1
838,169,2011-04-19 14:30:00,86,85,1,4,9,6,0,1
839,169,2011-04-19 16:00:00,86,87,0,4,11,4,0,1
840,172,2011-04-19 12:00:00,80,81,0,1,9,11,0,1
841,172,2011-04-19 13:30:00,81,80,0,1,11,5,0,1
842,173,2011-04-19 09:00:00,59,63,1,1,0,7,0,1
843,173,2011-04-19 10:30:00,60,59,1,1,23,6,0,1
844,173,2011-04-19 12:00:00,63,60,1,1,9,8,0,1
845,173,2011-04-19 13:30:00,86,87,1,1,,,,0
846,173,2011-04-19 15:00:00,87,89,1,1,,,,0
847,173,2011-04-19 16:30:00,89,86,1,1,,,,0
848,173,2011-04-19 09:00:00,57,58,1,2,7,0,0,1
849,173,2011-04-19 10:30:00,62,57,1,2,1,5,0,1
850,173,2011-04-19 12:00:00,58,62,1,2,0,7,0,1
851,173,2011-04-19 13:30:00,56,55,1,2,16,7,0,1
852,173,2011-04-19 15:00:00,61,56,1,2,3,0,0,1
853,173,2011-04-19 16:30:00,55,61,1,2,5,11,0,1
854,174,2011-04-19 16:00:00,82,83,1,7,,,,0
855,174,2011-04-19 17:30:00,83,84,0,7,,,,0
856,174,2011-04-19 19:00:00,84,82,1,7,,,,0
857,175,2011-04-19 14:00:00,74,73,1,5,14,15,0,0
858,175,2011-04-19 15:30:00,76,77,1,5,15,13,0,0
859,175,2011-04-19 17:00:00,79,77,1,5,,,,0
860,175,2011-04-19 18:30:00,72,76,1,5,9,13,0,0
861,175,2011-04-19 13:00:00,75,78,1,6,8,13,0,0
862,175,2011-04-19 14:30:00,72,79,1,6,15,10,0,0
863,175,2011-04-19 16:00:00,72,79,1,6,15,4,0,0
864,171,2011-04-19 12:00:00,66,65,0,13,,,,0
865,171,2011-04-19 13:30:00,65,66,0,13,23,8,0,1
866,171,2011-04-19 15:00:00,68,65,0,13,6,20,0,1
867,171,2011-04-19 15:00:00,69,71,0,14,8,7,0,1
868,171,2011-04-19 16:30:00,71,69,0,14,3,9,0,1
869,171,2011-04-19 12:00:00,70,64,0,25,7,13,0,1
870,171,2011-04-19 13:30:00,64,70,0,25,20,5,0,1
871,171,2011-04-19 10:30:00,91,94,0,34,,,,0
872,171,2011-04-19 12:00:00,90,91,1,34,,,,0
873,171,2011-04-19 13:30:00,94,90,0,34,,,,0
874,181,2011-04-19 12:00:00,69,68,0,1,14,11,0,1
875,181,2011-04-19 13:30:00,68,69,0,1,4,21,0,1
876,182,2011-04-19 09:00:00,90,92,1,1,1,17,0,1
877,182,2011-04-19 10:30:00,94,90,1,1,4,4,0,1
878,182,2011-04-19 12:00:00,94,92,0,1,0,7,0,1
879,182,2011-04-19 13:30:00,72,73,1,1,6,2,0,1
880,182,2011-04-19 15:00:00,75,72,0,1,4,1,0,1
881,182,2011-04-19 16:30:00,72,79,0,1,24,0,0,1
882,182,2011-04-19 09:00:00,93,91,0,2,6,9,0,1
883,182,2011-04-19 10:30:00,91,93,0,2,9,14,0,1
884,182,2011-04-19 12:00:00,77,75,1,2,5,9,0,1
885,182,2011-04-19 13:30:00,79,75,1,2,6,25,0,1
886,182,2011-04-19 15:00:00,77,74,1,2,7,0,0,1
887,182,2011-04-19 16:30:00,77,73,1,2,17,3,0,1
888,183,2011-04-19 16:00:00,82,80,1,7,14,6,0,1
889,183,2011-04-19 17:30:00,80,81,1,7,6,14,0,1
890,183,2011-04-19 19:00:00,81,82,1,7,6,19,0,1
891,184,2011-04-19 13:00:00,66,71,0,6,,,0,1
892,184,2011-04-19 14:30:00,71,66,0,6,,,,1
893,180,2011-04-19 10:30:00,56,57,1,13,0,7,0,1
894,180,2011-04-19 12:00:00,63,56,1,13,7,0,0,1
895,180,2011-04-19 13:30:00,57,63,1,13,,,1,1
896,180,2011-04-19 09:00:00,83,84,0,25,0,7,0,1
897,180,2011-04-19 10:30:00,84,83,0,25,7,0,0,1
898,180,2011-04-19 09:00:00,61,60,1,33,4,6,0,1
899,180,2011-04-19 10:30:00,58,61,1,33,0,7,0,1
900,180,2011-04-19 12:00:00,60,58,1,33,7,0,0,1
901,180,2011-04-19 13:30:00,64,65,0,33,,,1,1
902,180,2011-04-19 15:00:00,70,64,0,33,,,1,1
903,180,2011-04-19 16:30:00,65,70,0,33,,,1,1
904,180,2011-04-19 10:30:00,62,59,1,34,,,1,1
905,180,2011-04-19 12:00:00,55,62,1,34,,,1,1
906,180,2011-04-19 13:30:00,59,55,1,34,,,1,1
907,185,2011-04-19 10:30:00,87,85,0,8,8,1,0,1
908,185,2011-04-19 12:00:00,85,87,0,8,6,5,0,1
909,185,2011-04-19 13:30:00,89,88,1,8,6,9,0,1
910,185,2011-04-19 15:00:00,88,86,0,8,8,3,0,1
911,185,2011-04-19 16:30:00,86,89,0,8,7,0,0,1
912,191,2011-04-19 09:00:00,63,62,1,1,13,9,0,1
913,191,2011-04-19 10:30:00,61,63,1,1,8,7,0,1
914,191,2011-04-19 12:00:00,62,61,1,1,7,4,0,1
915,191,2011-04-19 09:00:00,58,56,1,2,0,7,0,1
916,191,2011-04-19 10:30:00,59,58,1,2,7,0,0,1
917,191,2011-04-19 12:00:00,56,59,1,2,0,7,0,1
918,191,2011-04-19 13:30:00,55,57,1,2,5,14,0,1
919,191,2011-04-19 15:00:00,60,55,1,2,21,5,0,1
920,191,2011-04-19 16:30:00,57,60,1,2,6,11,0,1
921,192,2011-04-19 16:00:00,85,88,0,7,8,10,0,1
922,192,2011-04-19 17:30:00,88,85,0,7,6,10,0,1
923,193,2011-04-19 13:00:00,92,93,0,6,3,3,0,1
924,193,2011-04-19 14:30:00,93,92,0,6,1,19,0,1
925,189,2011-04-19 10:30:00,77,72,1,13,,,1,1
926,189,2011-04-19 12:00:00,76,73,1,13,3,21,0,1
927,189,2011-04-19 13:30:00,73,75,1,13,14,8,0,1
928,189,2011-04-19 15:00:00,79,73,1,13,5,25,0,1
929,189,2011-04-19 10:30:00,72,74,1,25,,,1,1
930,189,2011-04-19 12:00:00,78,72,1,25,22,6,0,1
931,189,2011-04-19 13:30:00,78,77,1,25,11,10,0,1
932,189,2011-04-19 12:00:00,66,64,1,33,5,15,0,1
933,189,2011-04-19 13:30:00,71,64,0,33,10,5,0,1
934,189,2011-04-19 15:00:00,70,66,1,33,9,2,0,1
935,189,2011-04-19 16:30:00,65,71,1,33,16,4,0,1
936,189,2011-04-19 12:00:00,69,68,0,34,20,12,0,1
937,189,2011-04-19 13:30:00,68,70,0,34,7,17,0,1
938,189,2011-04-19 15:00:00,65,69,1,34,8,7,0,1
939,144,2011-06-18 09:00:00,79,74,0,13,,,1,1
940,144,2011-06-18 10:30:00,74,79,0,13,,,1,1
941,142,2011-06-12 15:00:00,57,58,1,1,10,2,0,1
947,150,2011-06-25 09:00:00,76,73,0,25,8,0,0,1
948,151,2011-06-25 10:30:00,73,76,0,25,5,13,0,1
949,150,2011-06-25 12:00:00,78,79,0,25,8,15,0,1
950,150,2011-06-25 13:30:00,79,78,0,25,6,10,0,1
951,151,2011-06-25 12:00:00,77,74,0,1,6,10,0,1
952,151,2011-06-25 13:30:00,74,77,0,1,2,3,0,1
953,162,2011-07-09 12:00:00,57,63,0,33,13,8,0,1
954,162,2011-07-09 16:30:00,57,63,0,34,6,5,0,1
955,162,2011-07-09 16:30:00,61,58,0,35,7,0,0,1
956,163,2011-07-09 12:00:00,60,59,0,13,7,0,1,1
957,171,2011-07-16 10:30:00,78,75,0,33,13,8,0,1
958,171,2011-07-16 12:00:00,78,73,0,33,15,1,0,1
959,171,2011-07-16 09:00:00,74,73,0,33,,,0,0
960,171,2011-07-16 15:00:00,76,77,0,33,15,13,0,1
961,171,2011-07-16 16:30:00,76,72,0,33,13,9,0,1
962,171,2011-07-16 10:30:00,75,74,0,34,,,0,0
963,171,2011-07-16 13:30:00,72,79,0,34,15,4,0,1
964,171,2011-07-16 09:00:00,79,72,0,34,,,0,0
965,171,2011-07-16 16:30:00,79,77,0,34,8,18,0,1
971,171,2011-07-16 16:30:00,66,68,0,13,14,8,0,1
972,171,2011-07-16 09:00:00,83,82,1,13,7,20,0,1
973,171,2011-07-16 10:30:00,84,83,0,13,17,6,0,1
974,171,2011-07-16 12:00:00,82,84,1,13,6,19,0,1
975,171,2011-07-16 13:30:00,74,73,0,33,15,16,0,1
976,171,2011-07-16 12:00:00,75,74,0,34,9,9,0,1
977,171,2011-07-16 12:00:00,75,74,0,34,,,1,0
978,171,2011-07-16 12:00:00,75,74,0,34,,,1,0
979,171,2011-07-16 15:00:00,79,72,0,34,10,15,0,1
980,171,2011-07-16 13:30:00,74,73,0,33,,,1,0
981,171,2011-07-16 13:30:00,74,73,0,33,,,1,0
982,171,2011-07-16 12:00:00,75,74,0,34,,,1,0
983,169,2011-07-10 11:30:00,87,85,0,4,,,1,0
984,168,2011-07-10 11:30:00,87,85,0,4,,,1,0
985,169,2011-07-10 11:30:00,87,85,0,4,8,7,0,1
986,162,2011-07-09 12:00:00,56,62,0,34,0,7,0,1
987,173,2011-07-16 13:30:00,60,59,0,1,7,0,0,1
988,177,2011-07-17 15:00:00,65,68,0,14,,,1,0
989,176,2011-07-17 15:00:00,65,68,0,8,40,2,0,1
990,176,2011-07-17 09:00:00,68,65,0,8,0,33,0,1
991,189,2011-07-30 15:00:00,81,82,0,14,,,0,0
992,189,2011-07-30 16:30:00,82,81,0,14,,,0,0
993,189,2011-07-30 15:00:00,81,82,0,14,8,11,0,1
994,189,2011-07-30 16:30:00,82,81,0,14,7,8,0,1
995,189,2011-07-30 17:00:00,56,55,0,99,,,1,0
996,189,2011-07-30 17:00:00,56,55,0,99,,,0,0
997,185,2011-07-24 09:00:00,87,88,0,8,9,2,0,1
998,189,2011-07-30 10:30:00,64,66,0,33,14,9,0,1
999,175,2011-07-16 14:00:00,86,89,0,5,13,18,0,1
1000,175,2011-07-16 15:30:00,87,86,0,5,9,8,0,1
1001,171,2011-07-16 17:00:00,89,87,0,5,,,0,0
1002,171,2011-07-16 12:00:00,89,86,0,5,,,0,0
1003,171,2011-07-16 13:00:00,94,91,0,6,,,0,0
1004,171,2011-07-16 14:30:00,91,90,0,6,,,0,0
1005,175,2011-07-16 16:00:00,90,91,0,6,7,4,0,1
1006,175,2011-07-16 17:00:00,89,87,0,5,13,15,0,1
1007,175,2011-07-16 12:00:00,89,86,0,5,10,3,0,1
1008,175,2011-07-16 13:00:00,94,91,0,6,8,6,0,1
1009,175,2011-07-16 16:00:00,90,94,0,5,2,6,0,1
1010,189,2011-07-30 09:00:00,74,79,0,13,23,15,0,1
1011,190,2011-07-30 09:00:00,74,79,0,8,23,15,0,0
1012,189,2011-07-30 16:30:00,75,76,0,51,17,9,0,1
1013,189,2011-07-30 14:00:00,59,62,0,1,,,0,0
1014,189,2011-07-30 15:30:00,55,62,0,1,,,0,0
1015,191,2011-07-30 14:00:00,59,62,0,1,4,14,0,1
1016,191,2011-07-30 15:30:00,55,62,0,1,4,11,0,1
1017,191,2011-07-30 16:30:00,60,58,0,1,7,0,0,1
1018,192,2011-07-30 11:30:00,85,88,0,7,7,2,0,1
1019,194,2011-07-31 09:00:00,87,89,0,8,8,12,0,1
1020,194,2011-07-31 10:30:00,89,87,0,8,9,7,0,1
1021,194,2011-07-31 12:00:00,86,89,0,8,11,10,0,1
1022,194,2011-07-31 13:30:00,85,88,0,8,5,6,0,1
1023,194,2011-07-31 15:00:00,85,86,0,8,7,6,0,1
1024,194,2011-07-31 16:30:00,86,88,0,8,12,8,0,1
1025,200,2011-08-06 13:30:00,66,71,0,2,8,9,0,1
1026,200,2011-08-06 15:00:00,71,66,0,2,8,9,0,1
1027,216,2011-09-18 12:00:00,101,100,,24,2,23,0,1
1028,216,2011-09-18 13:30:00,100,101,,24,25,2,0,1
1029,216,2011-09-18 15:00:00,95,96,,24,6,11,0,1
1030,216,2011-09-18 16:30:00,96,95,,24,14,12,0,1
1031,216,2011-09-18 12:00:00,98,97,,25,8,9,0,1
1032,216,2011-09-18 13:30:00,99,98,,25,4,7,0,1
1033,216,2011-09-18 15:00:00,97,99,,25,5,6,0,1
1034,216,2011-09-18 12:00:00,105,104,,26,12,11,0,1
1035,216,2011-09-18 13:30:00,104,105,,26,6,17,0,1
1036,216,2011-09-18 15:00:00,103,102,,26,13,10,0,1
1037,216,2011-09-18 16:30:00,102,103,,26,7,14,0,1
1038,216,2011-09-18 12:00:00,107,106,,14,6,17,0,1
1039,216,2011-09-18 13:30:00,108,107,,14,27,1,0,1
1040,216,2011-09-18 15:00:00,106,108,,14,2,15,0,1
1041,217,2011-09-18 12:00:00,103,100,,24,,,1,1
1042,217,2011-09-18 13:30:00,100,103,,24,,,1,1
1043,217,2011-09-18 15:00:00,99,95,,24,,,1,1
1044,217,2011-09-18 16:30:00,95,99,,24,,,1,1
1045,217,2011-09-18 12:00:00,98,96,,25,,,1,1
1046,217,2011-09-18 13:30:00,97,98,,25,,,1,1
1047,217,2011-09-18 15:00:00,96,97,,25,,,1,1
1048,217,2011-09-18 12:00:00,105,102,,26,,,1,1
1049,217,2011-09-18 13:30:00,102,105,,26,,,1,1
1050,217,2011-09-18 15:00:00,104,101,,26,,,1,1
1051,217,2011-09-18 16:30:00,101,104,,26,,,1,1
1052,217,2011-09-18 12:00:00,108,107,,14,,,1,1
1053,217,2011-09-18 13:30:00,106,108,,14,,,1,1
1054,217,2011-09-18 15:00:00,107,106,,14,,,1,1
1055,218,2011-09-18 12:00:00,99,96,,24,,,1,1
1056,218,2011-09-18 13:30:00,96,99,,24,,,1,1
1057,218,2011-09-18 15:00:00,105,100,,24,,,1,1
1058,218,2011-09-18 16:30:00,100,105,,24,,,1,1
1059,218,2011-09-18 12:00:00,98,95,,25,,,1,1
1060,218,2011-09-18 13:30:00,97,98,,25,,,1,1
1061,218,2011-09-18 15:00:00,95,97,,25,,,1,1
1062,218,2011-09-18 12:00:00,103,101,,26,,,1,1
1063,218,2011-09-18 13:30:00,101,103,,26,,,1,1
1064,218,2011-09-18 15:00:00,104,102,,26,,,1,1
1065,218,2011-09-18 16:30:00,102,104,,26,,,1,1
1066,218,2011-09-18 12:00:00,106,108,,14,,,1,1
1067,218,2011-09-18 13:30:00,107,106,,14,,,1,1
1068,218,2011-09-18 15:00:00,108,107,,14,,,1,1
1069,219,2011-09-18 12:00:00,,,,24,,,,1
1070,219,2011-09-18 13:30:00,,,,24,,,,1
1071,219,2011-09-18 15:00:00,,,,24,,,,1
1072,219,2011-09-18 16:30:00,,,,24,,,,1
1073,219,2011-09-18 12:00:00,,,,25,,,,1
1074,219,2011-09-18 13:30:00,,,,25,,,,1
1075,219,2011-09-18 15:00:00,,,,25,,,,1
1076,219,2011-09-18 12:00:00,,,,26,,,,1
1077,219,2011-09-18 13:30:00,,,,26,,,,1
1078,219,2011-09-18 15:00:00,,,,26,,,,1
1079,219,2011-09-18 16:30:00,,,,26,,,,1
1080,219,2011-09-18 12:00:00,,,,14,,,,1
1081,219,2011-09-18 13:30:00,,,,14,,,,1
1082,219,2011-09-18 15:00:00,,,,14,,,,1
1083,220,2011-09-18 12:00:00,102,100,,24,,,,0
1084,220,2011-09-18 13:30:00,100,102,,24,,,,0
1085,220,2011-09-18 15:00:00,97,96,,24,,,,0
1086,220,2011-09-18 16:30:00,96,97,,24,,,,0
1087,220,2011-09-18 12:00:00,99,98,,25,,,,0
1088,220,2011-09-18 13:30:00,95,99,,25,,,,0
1089,220,2011-09-18 15:00:00,98,95,,25,,,,0
1090,220,2011-09-18 12:00:00,104,103,,26,,,,0
1091,220,2011-09-18 13:30:00,103,104,,26,,,,0
1092,220,2011-09-18 15:00:00,101,105,,26,,,,0
1093,220,2011-09-18 16:30:00,105,101,,26,,,,0
1094,220,2011-09-18 12:00:00,107,106,,14,,,,0
1095,220,2011-09-18 13:30:00,108,107,,14,,,,0
1096,220,2011-09-18 15:00:00,106,108,,14,,,,0
1097,221,2011-09-18 12:00:00,96,98,,24,,,,0
1098,221,2011-09-18 13:30:00,98,96,,24,,,,0
1099,221,2011-09-18 15:00:00,104,100,,24,,,,0
1100,221,2011-09-18 16:30:00,100,104,,24,,,,0
1101,221,2011-09-18 12:00:00,95,99,,25,,,,0
1102,221,2011-09-18 13:30:00,97,95,,25,,,,0
1103,221,2011-09-18 15:00:00,99,97,,25,,,,0
1104,221,2011-09-18 12:00:00,102,101,,26,,,,0
1105,221,2011-09-18 13:30:00,101,102,,26,,,,0
1106,221,2011-09-18 15:00:00,105,103,,26,,,,0
1107,221,2011-09-18 16:30:00,103,105,,26,,,,0
1108,221,2011-09-18 12:00:00,108,107,,14,,,,0
1109,221,2011-09-18 13:30:00,106,108,,14,,,,0
1110,221,2011-09-18 15:00:00,107,106,,14,,,,0
1111,222,2011-09-18 12:00:00,97,95,,24,,,,0
1112,222,2011-09-18 13:30:00,95,97,,24,,,,0
1113,222,2011-09-18 15:00:00,,,,24,,,,1
1114,222,2011-09-18 16:30:00,,,,24,,,,1
1115,222,2011-09-18 12:00:00,96,98,,25,,,,0
1116,222,2011-09-18 13:30:00,99,96,,25,,,,0
1117,222,2011-09-18 15:00:00,98,99,,25,,,,0
1118,222,2011-09-18 12:00:00,,,,26,,,,1
1119,222,2011-09-18 13:30:00,,,,26,,,,1
1120,222,2011-09-18 15:00:00,,,,26,,,,1
1121,222,2011-09-18 16:30:00,,,,26,,,,1
1122,222,2011-09-18 10:00:00,,,,14,,,,1
1123,222,2011-09-18 11:30:00,,,,14,,,,1
1124,222,2011-09-18 13:00:00,,,,14,,,,1
1125,222,2011-09-18 14:30:00,,,,14,,,,1
1126,222,2011-09-18 16:00:00,,,,14,,,,1
1127,223,2011-09-18 10:00:00,,,,24,,,,1
1128,223,2011-09-18 11:30:00,,,,24,,,,1
1129,223,2011-09-18 13:00:00,,,,24,,,,1
1130,223,2011-09-18 14:30:00,,,,24,,,,1
1131,223,2011-09-18 16:00:00,,,,24,,,,1
1132,223,2011-09-18 10:00:00,,,,25,,,,1
1133,223,2011-09-18 11:30:00,,,,25,,,,1
1134,223,2011-09-18 13:00:00,,,,25,,,,1
1135,223,2011-09-18 14:30:00,,,,25,,,,1
1136,223,2011-09-18 16:00:00,,,,25,,,,1
1137,223,2011-09-18 10:00:00,,,,26,,,,1
1138,223,2011-09-18 11:30:00,,,,26,,,,1
1139,223,2011-09-18 13:00:00,,,,26,,,,1
1140,223,2011-09-18 14:30:00,,,,26,,,,1
1141,223,2011-09-18 16:00:00,,,,26,,,,1
1142,223,2011-09-18 10:00:00,,,,14,,,,1
1143,223,2011-09-18 11:30:00,,,,14,,,,1
1144,223,2011-09-18 13:00:00,,,,14,,,,1
1145,223,2011-09-18 14:30:00,,,,14,,,,1
1146,223,2011-09-18 16:00:00,,,,14,,,,1
1147,224,2011-09-18 10:00:00,,,,24,,,,1
1148,224,2011-09-18 11:30:00,,,,24,,,,1
1149,224,2011-09-18 13:00:00,,,,24,,,,1
1150,224,2011-09-18 14:30:00,,,,24,,,,1
1151,224,2011-09-18 16:00:00,,,,24,,,,1
1152,224,2011-09-18 10:00:00,,,,25,,,,1
1153,224,2011-09-18 11:30:00,,,,25,,,,1
1154,224,2011-09-18 13:00:00,,,,25,,,,1
1155,224,2011-09-18 14:30:00,,,,25,,,,1
1156,224,2011-09-18 16:00:00,,,,25,,,,1
1157,224,2011-09-18 10:00:00,,,,26,,,,1
1158,224,2011-09-18 11:30:00,,,,26,,,,1
1159,224,2011-09-18 13:00:00,,,,26,,,,1
1160,224,2011-09-18 14:30:00,,,,26,,,,1
1161,224,2011-09-18 16:00:00,,,,26,,,,1
1162,224,2011-09-18 10:00:00,,,,14,,,,1
1163,224,2011-09-18 11:30:00,,,,14,,,,1
1164,224,2011-09-18 13:00:00,,,,14,,,,1
1165,224,2011-09-18 14:30:00,,,,14,,,,1
1166,224,2011-09-18 16:00:00,,,,14,,,,1
1167,220,2011-10-15 12:00:00,98,95,0,24,14,6,0,1
1168,220,2011-10-15 13:00:00,95,98,0,24,16,5,0,1
1169,220,2011-10-15 14:00:00,96,95,0,24,16,9,0,1
1170,220,2011-10-15 15:00:00,104,102,0,24,5,12,0,1
1171,220,2011-10-15 16:00:00,102,105,0,24,9,11,0,1
1172,220,2011-10-15 17:00:00,101,102,0,24,6,19,0,1
1173,220,2011-10-15 12:00:00,97,99,0,25,5,21,0,1
1174,220,2011-10-15 14:00:00,98,97,0,25,7,23,0,1
1175,220,2011-10-15 15:00:00,97,96,0,25,12,17,0,1
1176,220,2011-10-15 13:00:00,99,96,0,25,12,9,0,1
1177,220,2011-10-15 12:00:00,103,100,0,26,7,9,0,1
1178,220,2011-10-15 13:00:00,100,103,0,26,2,7,0,1
1179,220,2011-10-15 14:00:00,103,100,1,26,9,1,0,1
1180,220,2011-10-15 15:00:00,105,101,0,26,8,7,0,1
1181,220,2011-10-15 16:00:00,101,104,0,26,2,5,0,1
1182,220,2011-10-15 17:00:00,104,105,0,26,7,10,0,1
1183,220,2011-10-15 12:00:00,108,106,0,14,19,5,0,1
1184,220,2011-10-15 13:00:00,106,108,0,14,8,9,0,1
1185,220,2011-10-15 14:00:00,108,107,0,14,10,5,0,1
1186,220,2011-10-15 15:00:00,107,106,0,14,4,8,0,1
1187,221,2011-10-22 12:00:00,98,96,0,24,4,17,0,1
1188,221,2011-10-22 13:00:00,96,98,0,22,,,0,0
1189,221,2011-10-22 13:00:00,96,98,0,24,22,1,0,1
1190,221,2011-10-22 14:00:00,96,97,0,24,18,3,0,1
1191,221,2011-10-22 15:00:00,105,103,0,24,12,8,0,1
1192,221,2011-10-22 16:00:00,103,102,1,24,0,12,0,1
1193,221,2011-10-22 17:00:00,101,103,0,24,2,27,0,1
1194,221,2011-10-22 12:00:00,95,99,0,25,9,10,0,1
1195,221,2011-10-22 13:00:00,97,95,0,25,10,11,0,1
1196,221,2011-10-22 14:00:00,98,99,0,25,4,25,0,1
1197,221,2011-10-22 15:00:00,99,97,1,25,17,4,0,1
1198,221,2011-10-22 12:00:00,100,105,0,26,8,8,0,1
1199,221,2011-10-22 13:00:00,105,100,0,26,8,12,0,1
1200,221,2011-10-22 14:00:00,100,104,0,26,4,14,0,1
1201,221,2011-10-22 15:00:00,102,101,0,26,5,2,0,1
1202,221,2011-10-22 16:00:00,104,101,0,26,2,3,0,1
1203,221,2011-10-22 17:00:00,102,104,0,26,4,1,0,1
1204,221,2011-10-22 12:00:00,107,106,0,14,5,8,0,1
1205,221,2011-10-22 13:00:00,106,107,0,14,13,1,0,1
1206,221,2011-10-22 14:00:00,107,108,0,14,,,0,1
1207,221,2011-10-22 15:00:00,108,106,1,14,12,7,0,1
1208,222,2011-10-29 12:00:00,96,99,0,24,,,1,1
1209,222,2011-10-29 13:00:00,98,95,1,24,,,1,1
1210,222,2011-10-29 14:00:00,99,95,0,24,,,0,0
1211,222,2011-10-29 15:00:00,99,98,1,24,,,1,1
1212,222,2011-10-29 11:00:00,97,96,1,25,,,1,1
1213,222,2011-10-29 12:00:00,95,97,0,25,,,0,0
1214,222,2011-10-29 13:00:00,104,103,0,25,,,1,1
1215,222,2011-10-29 14:00:00,101,100,1,25,,,1,1
1216,222,2011-10-29 12:00:00,103,105,0,26,,,1,1
1217,222,2011-10-29 13:00:00,105,101,0,26,,,1,1
1218,222,2011-10-29 14:00:00,102,104,1,26,,,1,1
1219,222,2011-10-29 15:00:00,100,102,0,26,,,1,1
1220,222,2011-10-29 12:00:00,108,107,0,14,,,1,1
1221,222,2011-10-29 13:00:00,107,108,1,14,,,1,1
1222,222,2011-10-29 14:00:00,108,106,0,14,,,1,1
1223,222,2011-10-29 15:00:00,106,107,1,14,,,1,1
1224,222,2011-10-29 12:00:00,97,95,0,25,,,1,1
1225,222,2011-10-29 14:00:00,95,99,0,24,,,1,1
1226,216,2011-09-17 17:00:00,98,108,0,26,,,0,0
